Afghanistan,Kabul
Alabama,Montgomery
Alaska,Juneau
Albanien,Tirana
Algerien,Algier
Andorra,Andorra
Angola,Luanda
Arabien,Dubai
Arizona,Phoenix
Argentinien,Buones Aires
Arkansas,Little Rock
Australien,Canberra
Bahamas,Nassau
Bahrain,Manama
Bangladesch,Dakka
Barbados,Bridgetown
Belgien,Brüssel
Belize,Belmopan
Benin,Porto Novo
Bhutan,Thimbu
Birma,Rangun
Bolivien,La Paz
Bosnien/Herzegowina,Sarajewo
Botswana,Gaborone
Brasilien,Brasila
Brunei,Bandar Seri Begawan
Bulgarien,Sofia
Burkina Faso,Ouagadougou
Burundi,Bujumbura
Californien,Sacramento
Chile,Santiago
China,Peking
Colorado,Denver
Connecticut,Hartfort
Costa Rica,San Jose
Delaware,Dover
Deutschland,Berlin
Djibouti,Djibouti
Dominica,Roseau
Dominikanische Republik,Santo Domingo
Dänemark,Kopenhagen
Ecuador,Quito
El Salvator,San Salvador
Elfenbeinküste,Yamoussoukro
Fidschi,Suva
Finnland,Helsinki
Florida,Tallahassee
Frankreich,Paris
Gabun,Libreville
Gambia,Banjul
Georgia,Atlanta
Ghana,Accra
Grenada,Saint Georges
Griechenland,Athen
Grossbritannien,London
Guatemala,Guatemala
Guinea,Conakry
Guinea-Bissau,Bissau
Guyana,Georgetown
Haiti,Port Au Prince
Hawaii,Honolulu
Honduras,Tegucigalpa
Idaho,Boise City
Illinois,Springfield
Indiana,Indianapolis
Indien,Neu Delhi
Indonesien,Djakarta
Iowa,Des Moines
Irak,Bagdad
Iran,Teheran
Irland,Dublin
Island,Reykjavik
Israel,Jerusalem
Italien,Rom
Jamaika,Kingston
Japan,Tokio
Jordanien,Amman
Kambodscha,Phnom Penh
Kamerun,Jaunde
Kanada,Ottawa
Kansas,Topeka
Kapverdische Inseln,Praia
Katar,Doha
Kenia,Nairobi
Kentucky,Frankfort
Kiribati,Bairiki
Kolumbien,Bogota
Komoren,Moroni
Kongo,Brazzaville
Kroatien,Belgrad
Kuba,Havanna
Kuwait,Kuwait
Laos,Vientiane
Lesotho,Maseru
Libanon,Beirut
Liberia,Monrovia
Libyen,Tripolis
Liechtenstein,Vaduz
Louisiana,Baton Rouge
Luxemburg,Luxemburg
Madagaskar,Tananarive
Maine,Augusta
Malawi,Lilongwe
Malaysia,Kuala Lumpur
Malediven,Male
Mali,Bamako
Malta,La Valletta
Marokko,Rabat
Maryland,Annapolis
Massachusetts,Boston
Mauretanien,Nouakchott
Mauritius,Port Louis
Mazedonien,Skopie
Mexiko,Mexico City
Michigan,Lansing
Minnesota,St. Paul
Mississippi,Jackson
Missouri,Jefferson City
Mocambique,Maputo
Monaco,Monaco
Mongolei,Ulan Bator
Montana,Helena
Namibia,Windhuk
Nauru,Makwa
Nebraska,Lincoln
Nepal,Katmandu
Neuseeland,Wellington
Nevada,Carson City
New Hampshire,Concord
New Jersey,Trenton
New Mexico,Santa Fe
New York,Albany
Nicaragua,Managua
Niederlande,Amsterdam
Niger,Niamey
Nigeria,Lagos
Nord Jemen,Sana
Nord Korea,Pjoengjang
Nord Vietnam,Hanoi
North Carolina,Raleigh
North Dakota,Bismarck
Norwegen,Oslo
Ohio,Columbus
Oklahoma,Oklahoma City
Oman,Maskat
Oregon,Salem
Pakistan,Islamabad
Panama,Panama City
Papa-Neuguinea,Port Moresby
Paraguay,Asuncion
Pennsylvanien,Harrisburg
Peru,Lima
Philippinen,Manila
Polen,Warschau
Portugal,Lissabon
Rhode Island,Providence
Rotchina,Taipeh
Rumänien,Bukarest
Rwanda,Kigali
Salomonen,Honiara
Sambia,Lusaka
Samoa,Apia
San Marino,San Marino
Saudi-Arabien,Er Riad
Schweden,Stockholm
Schweiz,Bern
Senegal,Dakar
Seychellen,Victoria
Sierra Leone,Freetown
Simbabwe,Haarare
Singapur,Singapur
Slowakei,Pressburg
Slowenien,Laibach
Solomonen,Honiara
Somalia,Mogadiscio
South Carolina,Columbia
South Dakota,Pierre
Sowjetunion,Moskau
Spanien,Madrid
Sri Lanka,Colombo
St. Christopher-Nevis,Basseterre
St. Lucia,Castries
St. Vincent,Kingstown
Sudan,Khartum
Surinam,Paramaribo
Swasiland,Mbabane
Syrien,Damaskus
Süd Jemen,Aden
Süd Korea,Seoul
Süd Vietnam,Saigon
Südafrika,Pretoria/Kapstadt
Tansania,Dodoma
Tennessee,Nashville
Texas,Austin
Thailand,Bangkok
Togo,Lome
Tonga,Nukualofa
Trinidat,Port of Spain
Tschad,N'Djamena
Tschechien,Prag
Tunesien,Tunis
Tuvalu,Funafuti
Türkei,Ankara
USA,Washington
Uganda,Kampala
Ungarn,Budapest
Uruguay,Montevideo
Utah,Salt Lake City
Vanuatu,Vila
Vatikan,Vatikan
Venezuela,Caracas
Vermont,Montpelier
Virginia,Richmond
Washington,Olympia
West Virginia,Charleston
Wisconsin,Madison
Wyoming,Cheyenne
Zaire,Kinshasa
Zentralafrika,Bangui
Zypern,Nikosia
Ägypten,Kairo
Äquatorialguinea,Malambo
Äthiopien,Addis Abeba
Österreich,Wien
XendeX
